word,type,lang,count
@halupulisi,PER,fr,1
RT,ORG,es,13
@FriciliaMutiara Dingin,PERSON,en,1
RT @FiersaBesari,ORG,es,2
Lagi rame Apoy-apoyan,MISC,es,1
RT @merryggugi,ORG,en,1
Army,ORG,en,14
mutualan yuk,PERSON,en,13
nctzen &amp,ORG,en,3
RT @nanik_lisniati: Army,ORG,en,5
Mutualan,PERSON,en,14
Hallo,ORG,en,1
wayzenni,ORG,en,5
‚ô°,ORG,en,1
RT @cxarfgyvhu,PERSON,en,1
health &lt;333,ORG,en,1
RT,ORG,fi,1
@littleskilled,PRODUCT,fi,1
RT @chxchimmy,ORG,en,1
jimin b'day,PERSON,en,1
mau cari mutualan army,ORG,en,1
thankuuu&lt;3,PERSON,en,1
RT @soodamisloml,ORG,en,1
üíñ,FAC,en,1
LOCKEY,MONEY,en,1
RT @YANGIN01_,ORG,en,1
morning,TIME,en,3
a nice day,DATE,en,1
RT @jncherl,ORG,en,2
mari mutualan,PERSON,en,9
RT @ntsana,ORG,en,50
RT @baeki_100hyun,ORG,en,1
06,CARDINAL,en,2
pledis,ORG,ja,1
17: [17',TIME,ja,1
makin dewasa,PERSON,en,2
White Veined Marble,ORG,en,1
RT @rabbitsnoow,ORG,en,3
yukk mutualan,PERSON,en,3
nctzen wayzenni exol,PERSON,en,3
dubai,GPE,en,2
RT @miyaskjin:,ORG,en,2
RT,ORG,nl,1
ROS√â,ORG,nl,1
TEASER,ORG,nl,1
POSTER,NORP,nl,1
#ROS√â,ORG,nl,1
#,ORG,nl,1
BLACKPINK,ORG,nl,1
#,NORP,nl,1
20210312,DATE,nl,1
#RELEASE,EVENT,nl,1
YG https://t.co/fHKA69YDIh,GPE,nl,1
RT @mr_wemz,ORG,en,1
@FiersaBesari true bung,PRODUCT,en,1
RT @vantaenv,ORG,en,1
lo sokap,PERSON,en,1
@Bigmommm,ORG,en,1
@MUTUALANDFESS Yoks,ORG,en,1
RT @ccmrklee,PERSON,en,9
NCTZEN WAYZENNI AYO MUTUALAN,ORG,en,9
RT @Cicelycalil: Army,ORG,en,3
1,CARDINAL,en,6
8k,CARDINAL,en,1
4,CARDINAL,en,3
2Ok,CARDINAL,en,1
T. Yang,PERSON,en,1
hai,GPE,en,23
@purplerawrr,ORG,en,1
every1,PERSON,en,1
ayoo mutualan,PERSON,en,1
COVID-19,ORG,en,7
RT @majelismeyong,ORG,de,1
mutualan,ORG,en,2
@uculbat alooo,LOC,es,1
@fckkey haloo,PERSON,en,1
@nnannaanan haloo,PERSON,en,1
haloo,PERSON,en,4
@papawwz haloo,PERSON,en,1
RT @convomf,ORG,de,2
üßá,MISC,de,2
üßÄ,MISC,de,2
‚Ä¶,MISC,de,2
RT @nyemulee,PERSON,en,3
Hayuk,ORG,en,3
#,CARDINAL,en,114
Teume,GPE,en,3
kita mutualan,PERSON,en,4
dll mutualan kuy,PERSON,en,4
RT @_strwbryymoon:,GPE,en,2
jisoo stan,PERSON,en,2
RT @imyournda,ORG,en,1
nctzen mari mutualan,PERSON,en,1
mutualan engene,PERSON,en,3
rt tysm,PERSON,en,2
RT @amoreaay:,PERSON,en,4
mutualan sini,PERSON,en,4
The KKB Terrorist Group,ORG,en,8
New Zealand,GPE,en,8
Kuala,GPE,en,3
RT @afiations,ORG,en,1
@MUTUALANDFESS Hayuu,PER,es,1
RT @taekyonca,ORG,en,2
rt+like ya,PERSON,en,2
tysm,PERSON,en,27
üíñ,PERSON,en,2
RT @96dyie,ORG,en,2
nctzen wayzenni mrie mutualan,PERSON,en,2
RT @BTS_twt:,ORG,en,3
RT @danillajpr,ORG,en,2
KBS Music Bank's,ORG,en,1
RT @lattecocco,ORG,en,2
yaa &lt;3,ORG,en,2
RT @twiztidnm,ORG,en,1
mari mutualan exol nctzen carat,PERSON,en,1
RT @lucydoee:,ORG,en,1
RT @idg4fm,PERSON,en,3
RT @jijaeqinc,ORG,en,1
nctzen wayzennie mari mutualan,PERSON,en,1
RT @itsmarkeuu,ORG,en,1
thankyou,PERSON,en,1
cari mutualan exo-l,PERSON,en,1
dah,ORG,en,1
#roleplayer,MONEY,en,1
Syekh Ali Ja,PERSON,en,1
RT @HRJLOVR,ORG,en,1
mutualan nctzen,PERSON,en,1
RT @hoyddoyie,ORG,en,1
Msh,PERSON,en,1
Nctzen Wayzenni,PERSON,en,1
Raffi Ahmad,PERSON,en,2
Indonesian,NORP,en,1
Instagram,LOC,en,2
Indonesia,GPE,en,2
RT @alandakariza,ORG,en,1
RT @rpmxnstr,ORG,en,2
gabut yuk mutualan army,PERSON,en,2
@remindersph,GPE,en,2
3rd,ORDINAL,en,2
Folbek,GPE,nl,1
indonesia,GPE,en,1
RT @iqbaale,ORG,en,1
June,DATE,en,1
@_whhy,ORG,en,1
@MUTUALANDFESS Auto,ORG,en,4
Gas,PER,es,1
RT @shynvjkm,ORG,en,2
mau cari mutualan,PERSON,en,2
RT @devnydwi,ORG,en,4
RT @RICKDRCH,PERSON,en,2
Marie mutualan,PERSON,en,2
RT @Hadithoftheday:,PERSON,en,2
Quiz Time,PERSON,en,2
Eating,PERSON,en,1
Boros,GPE,en,5
RT,GPE,en,3
3,CARDINAL,en,3
RT @rowanna_09:,ORG,en,1
Spotify,ORG,en,1
Monday,DATE,en,6
Auto fb coy,MISC,es,1
RT @peacheeps,ORG,en,1
Jungkook,PERSON,en,2
@MUTUALANDFESS Hayo,PER,es,1
RT @gogumatyongie:,ORG,en,1
hii ini tiaa,ORG,en,1
haiüñê,PRODUCT,en,1
nctzen wayzenni,PERSON,en,12
ya tysm,PERSON,en,2
@zahrazll,ORG,en,1
"RT @infronthood: p, rame",ORG,en,1
mau cari mutualan hybe,PERSON,en,1
stan,PERSON,en,3
@ntsana,GPE,en,1
RT @neoctgirl:,ORG,en,8
mutualan exol,PERSON,en,8
nctzen,PERSON,en,1
RT @vanttaeshin:,ORG,en,1
mutualan,PERSON,en,8
404,CARDINAL,en,1
drakor ato series yang,PERSON,en,1
Lanat,GPE,en,1
Apni,PERSON,en,1
apni jagah,PERSON,en,1
Kry,PERSON,en,1
KENYA,ORG,en,1
KENYATTA,PERSON,en,1
bhai,PERSON,en,1
Congress,ORG,en,1
JUNGKOOK,ORG,en,1
HOBI,ORG,en,1
@arterybb yang,PERSON,en,1
jual,DATE,en,1
netflix,GPE,en,2
ada ga,PERSON,en,1
Mau cari mutualan hybe,PERSON,en,1
stan esp army,ORG,en,1
@MUTUALANDFESS1 Auto,ORG,en,3
@MUTUALANDFESS1 Yu,PERSON,en,2
@MUTUALANDFESS1,ORG,en,4
sampe bosen,ORG,en,1
RT @jessicaberliin,ORG,en,2
temen yang,PERSON,en,2
RT,NUMERIC_VALUE,ro,4
Apa alasanmu ga mau,PERSON,ro,1
"bersyukur

",FACILITY,ro,1
Geez,PERSON,en,2
MH,ORG,en,1
Sant Rampal,PERSON,en,2
Maharaj,ORG,en,2
India,GPE,en,2
Khadejra Golding MA,PERSON,en,1
Suna,ORG,en,2
jinhone itni,PERSON,en,2
ko,PERSON,en,3
krwaya h.,PERSON,en,2
kumar singh,PERSON,en,1
@MUTUALANDFESS Auto,PER,es,1
Sung lmit,PERSON,en,1
RT @selfhealing_id,ORG,en,1
RT @jeschzx,ORG,en,4
RT @feyzadhini,ORG,en,2
Mutualan,GPE,en,9
rt dan like,PERSON,en,2
ya jangan,PERSON,en,2
unflop,PERSON,en,1
RT @richbrian:,ORG,en,1
one,CARDINAL,en,5
Gass,PERSON,en,6
Bosen,PERSON,en,2
RT @kabogohaheng,PERSON,en,2
mari kita mutualan^^,PERSON,en,2
RT @dearjiminiie,PERSON,en,3
mau cari,PERSON,en,3
RT @elmariayoongi,ORG,en,4
Ayoo,GPE,en,1
üíö,PERSON,en,2
RT @_jjnlee,ORG,en,1
yuk nctzen,PERSON,en,1
wayzeni,NORP,en,1
RT @lilkinci,PERSON,en,1
help rt,PERSON,en,6
RT @Kookoopics,ORG,en,1
RT @jeffeyyann,ORG,en,1
tysm‚ô°,PERSON,en,1
RT @valsnoota,PERSON,en,1
cyber acc,PERSON,en,1
CA,WORK_OF_ART,en,1
day&lt;3,PERSON,en,1
anti bxg &amp,ORG,en,1
‚ú®,ORG,en,5
RT @cchaniee,ORG,en,2
RT @KJJUNGWO,PERSON,en,2
RT @BoBoiBoy: Selamat,ORG,en,1
RT @wmarkeulee,ORG,en,3
hii,ORG,en,5
Valid,LOC,es,2
Kwasi Kwarteng,PERSON,en,3
Kwasi kwarteng,PERSON,en,1
Party,ORG,en,1
@Riyansupyans,NORP,en,4
RT @FiersaBesari,PERSON,en,5
RT @aaliyah_dq,PERSON,en,1
Drop,PERSON,en,1
Dash Emperor,MISC,es,1
RT &,ORG,en,2
TWIT,NORP,en,1
RT @GABUT_FESS,ORG,en,2
RT @vkokstar,ORG,en,1
pls!,ORG,en,1
RT @mogkwuniee,ORG,en,3
yaww,NORP,en,3
marii mutualan,persName,pl,2
neozen,GPE,en,2
Dozens,CARDINAL,en,2
RT @cirasedikitkece,ORG,en,1
mrie mutualan,PERSON,en,1
@MUTUALLANDFESS Yu,PERSON,en,2
Rubber stamps for the anime fans,ORG,ja,1
‰∏âÊú®,GPE,ja,1
https://t.co/yGhBsvXHLF,PRODUCT,ja,1
RT @GERALDXAR,ORG,en,1
Lewat,PERSON,en,5
Exol,PERSON,en,4
#HAPPYJENODAY #,MONEY,en,2
#NCT,MONEY,en,3
NCTDREAM,ORG,en,2
RT @jngsungchanie,ORG,en,1
marie mutualan,PERSON,en,2
Salah,NORP,en,1
Thiago,GPE,en,1
LFC,ORG,en,2
LIVBUR,ORG,en,1
Match day,DATE,en,1
gass mutualan,PERSON,en,2
kholi huitya hai,PERSON,en,1
Jo,NORP,en,1
karke apne,PERSON,en,1
ko moka de.,PERSON,en,1
hai unko bench,ORG,en,1
Kholi,PERSON,en,1
2,CARDINAL,en,1
Sharma,NORP,en,1
Banyak yang,PERSON,en,4
ü•∫,PERSON,en,4
üõµ,NORP,en,4
SM,ORG,en,4
RT @muffinwarm,ORG,en,3
ùêÇùêòùêÅùêÑùêë,WORK_OF_ART,en,3
RT @Yoonkiminiee,ORG,en,8
Nctzen/Wayzenni/Teume,ORG,en,2
RT @daeyong,ORG,en,3
Mari,PERSON,en,4
u!,ORG,en,3
tysm üíö,PERSON,en,1
Love,WORK_OF_ART,en,1
Jin,PERSON,en,1
Yoongi,PERSON,en,1
Jimin,PERSON,en,2
Taehyung,PERSON,en,2
Inner Child,ORG,en,1
JK,PERSON,en,2
jaise pankaj,PERSON,en,1
10,CARDINAL,en,2
ko tender kaise mil raha,PERSON,en,1
Pankaj,PERSON,en,1
jo ki,PERSON,en,1
NA,ORG,en,1
K-DRAMA BA,ORG,en,1
EON,ORG,en,1
Teume,PERSON,en,1
RT @kthnads,ORG,en,1
mutualan gass army,PERSON,en,1
kalau lewat.thank youu,ORG,en,1
dekhne ke baad yahi,PERSON,en,1
jo karoge,PERSON,en,1
ke liye hazaro baithe hai,PERSON,en,1
koi matlab,PERSON,en,1
Galau,GPE,en,1
bestie &,ORG,en,1
Tae,PERSON,en,1
geleng geleng kepala,PERSON,en,1
NAMA KUCING,PERSON,en,1
DIA,ORG,en,1
RT @leehaeza:,ORG,en,1
G. M. Punk,PERSON,en,1
2022,DATE,en,1
Yeeha SEBAB KUCING JE BYE,PERSON,en,1
Sabar,LOC,es,1
IG,ORG,en,3
ke nehi,PERSON,en,1
iska,GPE,en,1
Koye,PERSON,en,1
nehi karega yelog,PERSON,en,1
karna galat,ORG,en,1
Maker,ORG,en,1
ke liye anidita,PERSON,en,1
Bukannya,GPE,en,1
Korea,GPE,en,1
Wonder Woman,PERSON,en,1
Ngai ke kita nanya meh,PERSON,en,1
Abaikan,PERSON,en,1
Anurag Thakur,PERSON,en,1
Mansukh Mandviya : Health,ORG,en,1
Darmendra Pradhan,PERSON,en,1
#ModiCabinetReshuffle,PERCENT,en,1
jujur mirissss bgt,ORG,en,1
kaya gini,PERSON,en,1
ga,ORG,en,4
semuanya punya,ORG,en,1
juga,ORG,en,2
Kaha,PERSON,en,1
6000,CARDINAL,en,1
Jana Hoga,PERSON,en,1
monthly,DATE,en,1
300,CARDINAL,en,1
Diya,ORG,en,1
Darna,GPE,en,1
#weekend,MONEY,en,1
#upGradAbroad #,MONEY,en,1
khud ko dekho,PERSON,en,1
ki tarah agar tipadiya krti firogi,PERSON,en,1
rah jayega,PERSON,en,1
Drakor,NORP,en,2
Webtoon,ORG,en,2
emang menyehatkan,PERSON,en,2
4EVA,NORP,en,1
@rujakserutenak haloo,PERSON,en,1
"RT @LOVEJJH97: nctzen, wayzenni",ORG,en,1
ayo mutualan,PERSON,en,2
@antika_cinta @AustinMcCoy3 Publishing,ORG,en,1
today,DATE,en,3
Denise Lynn,PERSON,en,1
FBI,ORG,en,1
"RT @BTS_twt: Blue side 

Cover Design",ORG,en,1
"Eddie Kang

",PERSON,en,1
@andihiyat,PERSON,en,2
Jhony Botak,PERSON,en,1
Graemen Thomas Wall,PERSON,en,1
Kuala Kencana District,GPE,en,1
Papua,PERSON,en,1
"March 30, 2020",DATE,en,1
Freeport,PERSON,en,1
VERONICA,ORG,es,3
AGEN HOAX,MISC,es,3
KKBTeroris,MISC,es,3
English,LANGUAGE,en,1
RT @dsuperboy,MISC,es,4
Bun,PER,es,4
nctzen ayo mutualan,PERSON,en,1
RT @mleeciouss,ORG,en,1
nctzen mutualan,PERSON,en,1
RT/LIKE,ORG,en,3
Vote Nct,ORG,en,3
Kategori,PERSON,en,3
01,CARDINAL,en,3
Februari,PERSON,en,3
18:00,CARDINAL,en,3
"KST
Link",PERSON,en,3
RT @easpoir,ORG,en,3
12th,ORDINAL,en,3
tomorrow,DATE,en,6
07.30 pm,TIME,en,3
Matcha,GPE,en,1
@EkselGerald Main,PERSON,en,1
RT @windaul,ORG,en,1
RT @FormeCzHaengbok,PERSON,en,1
Mutualan Yuk,PERSON,en,1
Biar,CARDINAL,en,1
Mutualan Yukkk,PERSON,en,1
ELF ü§ó,ORG,en,1
dayy haduuuhzzzzz,PERSON,en,1
Jaha,PERSON,en,1
first,ORDINAL,en,6
RT @Butterrrrrr7:,ORG,en,1
RT @jaemincndy:,ORG,en,1
reveluv ayo,PERSON,en,1
android TV,ORG,en,1
Kena,PERSON,en,1
months,DATE,en,1
May,DATE,en,1
Jaga kesehatan ya,PERSON,en,1
Sayang,ORG,en,1
HAPPYJAEMINDAY,ORG,en,1
#.,MONEY,en,1
RT @engkuzzwan,PERSON,en,1
99%,PERCENT,en,1
1%,PERCENT,en,1
Males aja https://t.co/M9rro4QQfb,MISC,es,1
@claranabillaa,MISC,es,1
@rjmxrell,ORG,en,1
Allahuakbar,GPE,en,3
"üáµüá∏
",PERSON,en,2
üáµüá∏,PERSON,en,1
RT @m0onlqghtz:,ORG,en,1
mutualan?gas,PERSON,en,1
RT @REJ4SU,ORG,en,3
cari mutualan,PERSON,en,7
Belom Mandi,PERSON,en,1
RT @ArnoldPoernomo:,ORG,en,1
ADA,PERSON,en,1
üöÄüåï https://t.co/unMBIzejeW,ORG,en,1
https://t.co/fXrSpEUi1q,PERSON,en,1
nickelodeon,PERSON,en,1
Nicholas Elodeon,PERSON,en,1
1977,DATE,en,1
IOK Company,ORG,en,1
"Jo In Sung, Go Hyun Jung",PERSON,en,1
Nugas,GPE,nl,1
15,CARDINAL,en,3
@kepoajaluuuuu,PER,pt,1
10/10,CARDINAL,en,1
üìâ,NORP,en,5
South Jakarta,LOC,en,1
2017,DATE,en,2
RT @sbxmachiato,ORG,en,2
Exo-L,NORP,en,5
"Nctzen, MyDay",GPE,en,5
Wayzenni,PERSON,en,5
RT @yaelahbadut,PERSON,en,3
@Shiropath,ORG,en,1
ALLAH,ORGANIZATION,ro,3
"ÿπŸéŸÜŸê ÿßŸÑŸíŸÅŸéÿ≠Ÿíÿ¥Ÿéÿßÿ°Ÿê ŸàŸéÿßŸÑŸíŸÖŸèŸÜŸíŸÉŸéÿ±Ÿê
",PRODUCT,ro,3
Sesungguhnya,GPE,ro,3
RT @Jaehyunmine97,ORG,en,1
siang guys,PERSON,en,1
dia ajaa,PERSON,en,1
RT @wrldzf,ORG,en,1
RT @DXELI00,ORG,en,1
Siga,LOC,pt,1
SEGUIDORES,MISC,pt,1
‚ù§Ô∏èüåá,MISC,pt,1
RT @xxx_marvin,ORG,en,2
RT @JaenminNa,ORG,en,1
teume carat nctzen,PERSON,en,1
RT @etoilesfleur,ORG,en,2
üßòüèª‚Äç,PRODUCT,en,2
RT @dizlalala,ORG,en,1
new acc,ORG,en,1
gass help,PERSON,en,1
mutualan yu esp nctzen ato,PERSON,en,1
@MUTUALANDFESS Hayu,PER,es,3
"ü•∫
mau cari mutual baru",PERSON,en,1
yuk mutualan,PERSON,en,1
yaa thankyou,PERSON,en,1
RT @dwmjspie,PERSON,en,1
exp nctzen wayzenni,PERSON,en,1
million,CARDINAL,en,1
andaii https://t.co/P4xLrWfPCk,PERSON,en,1
Asedese,NORP,en,1
Kyle,PERSON,en,2
1st April 2021,DATE,en,2
#PalestinaMenang üáµ,MONEY,en,1
FilmKata,MONEY,en,1
RT @pledis_17:,ORG,en,1
17,CARDINAL,en,1
8,CARDINAL,en,1
RT @_whhy,ORG,en,1
RT @skiesforsuk,ORG,en,1
#CHOIHYUNSUK #,MONEY,en,1
"Â¥îÁéπÁ°ï 
",PERSON,en,1
Love With People We Can't Have,WORK_OF_ART,en,1
RT @markiellol,ORG,en,1
"junhui juseyo
",PERSON,en,1
RT @YOOREXNCT,ORG,en,1
RT @FOLLOWSCARASEM,ORG,en,1
#JFB,MONEY,en,1
#FOLLOWBACK #,MONEY,en,1
# #OpenFollow #,MONEY,en,1
#InstantFollow #,MONEY,en,1
AutoFollow,ORG,en,1
JFB,ORG,en,1
RT @cacaaa36,ORG,en,1
gue cit,PERSON,en,1
RT @ArchNgelo,PERSON,en,1
#NFT Themes,MONEY,en,1
üí¶,ORG,en,1
Haduhhzzz,NORP,nl,1
Jual,PERSON,en,2
‚Ä¢netflix‚Ä¢spotify‚Ä¢youtube‚Ä¢iflix,CARDINAL,en,1
Garansi,PERSON,en,1
100%,PERCENT,en,1
Egg+Cheese,NORP,en,1
@megcheeseid,PERSON,en,1
RT @_kkiim2,ORG,en,1
RT @kusumaaa13,PERSON,en,1
Rizieq Case,PERSON,en,2
Nusantara Bersuara,PERSON,en,2
engene marie mutualan,PERSON,en,1
Kiwirok,GPE,en,1
KKB,ORG,en,1
https://t.co/cVt083ksw8,PERSON,en,1
haduuuhzzzzz pusing,ORG,en,1
amin https://t.co/rUv0kSgbA1,PERSON,en,1
RT @taekukra,ORG,en,1
Aku,PERSON,en,1
cari mutualan army,ORG,en,1
zenith ayoo mutualan,PERSON,en,1
rt ato,PERSON,en,1
kalo,PERSON,en,1
RT @yourssmoon,ORG,en,2
Halooo,ORG,en,2
tysm‚úå,PERSON,en,2
ayoo mutualan exol,PERSON,en,1
@akubingunggg,ORG,en,1
ini,ORG,en,1
sunte mukamal kapro se nange,PERSON,en,1
nahi kese,PERSON,en,1
rozi roti,PERSON,en,1
sahi kehte,PERSON,en,1
Taat,PERSON,en,1
prokotol banget papah,ORG,en,1
masker,ORG,en,1
Doru,PERSON,en,1
Benda,PERSON,en,1
lah haram dah besar,PERSON,en,1
lah fikir,PERSON,en,1
Korean,NORP,en,1
National pi Day,DATE,en,1
#Mathematics #,MONEY,en,1
Skills,ORG,en,1
GA BOSEN LIAT HOBI,ORG,en,1
ji se,PERSON,en,1
12,CARDINAL,en,1
banaya gaya,PERSON,en,1
kyu,ORG,en,1
10th,ORDINAL,en,1
63 mark,MONEY,en,1
11th,ORDINAL,en,1
65 mark hai,PERCENT,en,1
Max SZN,PERSON,en,1
England,GPE,en,1
QPR,ORG,en,1
Hadir,PERSON,en,1
p,GPE,en,1
RT @JCFFERY,ORG,en,2
kpop stan,PERSON,en,2
RT @LTYXXRA,ORG,en,2
Nctzen Wayzenni &,PERSON,en,1
mutualan lagi,PERSON,en,2
myselfü•≤,PRODUCT,en,10
@gkpakego haloo,PERSON,en,1
@weareoneEXO,ORG,en,1
Hayuu,LOC,es,1
RT @Sleepycookiew,ORG,en,1
rt &amp,ORG,en,6
juga tyyy &lt;3,ORG,en,1
RT @heeszure:,ORG,en,1
hii,NORP,en,1
RT @reth_aa,ORG,en,1
mutualan ga,PERSON,en,1
Rt &,ORG,en,1
mau,ORG,en,2
juga ayo,PERSON,en,1
RT @ksjlyyn,PERSON,en,1
RT @darxworld,ORG,en,1
Ariana,GPE,en,1
1 year ago,DATE,en,1
two,CARDINAL,en,3
20th April 2020,DATE,en,1
yooo mutualan yooo,PER,es,1
Mutura,GPE,en,1
pesa ya shopping imeishia hapo,PERSON,en,1
aman sii,MISC,es,1
RT @RGLNGLZ,ORG,en,4
Hoax dan playing victim,PERSON,en,2
RT @misterj0423: Dive Into You‚ú®,ORG,en,1
#JENO,MONEY,en,1
NCTDREAM,GPE,en,1
NCT,MONEY,en,1
RT @rplagstwan,ORG,en,1
glowup,ORG,en,1
@sekenskuy @andihiyat,PERSON,nl,1
about #V,MONEY,en,1
5,CARDINAL,en,2
https://t.co/3dK45gE,PERSON,en,1
RT @7flutura,PERSON,en,1
Top9,NORP,en,1
korean,NORP,en,1
Spotify,GPE,en,2
BTS,ORG,en,2
RT @DailyofJK,PERSON,en,1
The Devils of Paradis Island,WORK_OF_ART,en,1
RT @sipengg,ORG,en,1
Gandhi Ji,PERSON,en,1
Mahatma Gandhi,PERSON,en,1
Amazon USA,ORG,en,1
Kenya,GPE,en,3
Mejja,GPE,en,1
Curfew Meru,PERSON,en,1
Didmus Barasa,PERSON,en,1
exo-l.,ORG,en,2
RT @ONEEsports:,ORG,en,2
Day 5 - Playoffs,DATE,en,2
2021,DATE,en,4
@FiersaBesari,NORP,en,3
dong ahaha,PERSON,en,1
üì∏,PERSON,en,1
Tomlol,ORG,en,1
RT @dxynanna,ORG,en,1
hai nctzen wayzenni,PERSON,en,1
RT @lalala0380:,ORG,en,1
RT @avocadorush,PERSON,en,1
nctzen wayzennie,PERSON,en,1
indonesian,NORP,en,1
RT @TomFelton,ORG,en,1
monday,DATE,en,1
RT @HausofHilton,ORG,en,1
RT @Lumixuxi11,ORG,en,1
nctzen,ORG,en,1
carat,ORG,en,2
one day,DATE,en,1
RT @Tiwaforjewa,ORG,en,1
Kencana,GPE,en,2
Wedos,ORG,en,1
RT @Cicelycalil,ORG,en,1
RT @bayu_joo,ORG,en,1
https://t.co/8sf573zDU1,CARDINAL,en,1
@Anyaselalubenar Cosmos - Carl Sagan,PERSON,en,1
Grow Rich - Napoleon Hill,PERSON,en,1
cari mutualan lagi army,ORG,en,1
@nivanda,ORG,fi,1
Mikasa,GPE,en,3
Relationship with Authority,ORG,en,1
https://t.co/XKOsFyw8Me,ORG,es,1
RT @NehaKPuri,ORG,en,1
@lejjeno,PERSON,en,1
RT @heavenbrat,ORG,en,1
Hayu,LOC,es,3
hari ini,PERSON,en,2
RT @johndaisy0o,ORG,en,1
nctzen.wayzenni,PERSON,en,1
Kuala Kencana,GPE,en,4
Mr Fundamental,ORG,en,1
#sailmaking #,MONEY,en,1
#workshop #,MONEY,en,1
friday,DATE,en,1
#handson #,MONEY,en,1
Turkish,NORP,en,1
#poem #poems #,MONEY,en,1
Hii,NORP,en,1
$30K. Premium,MONEY,en,1
#MachineLearning #BigData,MONEY,en,2
#AR #Robotics,MONEY,en,1
#ML,MONEY,en,2
#Metaverse #,MONEY,en,1
#loans #,MONEY,en,1
#Defi,MONEY,en,1
KB,PERSON,en,1
gardai xan,PRODUCT,en,1
Few days,DATE,en,1
mero,MONEY,en,1
fuski sakxa ni etra,PERSON,en,1
#CancelNEBExams,MONEY,en,1
mother jg bikin trauma,PERSON,en,1
jungkook,PERSON,en,2
https://t.co/J3azze8Ja6,GPE,en,1
Sobat Jatim,GPE,en,1
RT @IZONEISLOVE,ORG,en,1
3 years ago,DATE,en,1
#DreamsComeTrueIZONE,PERCENT,en,1
https://t.co/iAXW7lYMxD,PERSON,en,1
RT,ORG,en,2
https://t.co/mfsUQE0xmz,GPE,en,1
RT @scvdy,PERSON,en,2
üóØ nctzen,PERSON,en,1
help rt / like,PERSON,en,1
Late night,TIME,en,1
akan,ORG,en,1
Idk,PERSON,en,1
RT @Chrls_clrn: Everyone,ORG,en,1
RT @CLRSNGCHN,ORG,en,2
muk cri mutualan,PERSON,en,2
stan esp NCTzen wayzenni reveluv.,WORK_OF_ART,en,2
Automatic Malaria Detection Using Neural Network,ORG,en,1
Mortal Kombat,PERSON,en,1
HUaah,ORG,en,1
RT @ambistrs,PERSON,en,1
english,NORP,en,2
ki,PERSON,en,1
kon dayan dega,PERSON,en,1
mang,GPE,en,1
RT @tenniiee,ORG,en,3
Nawaitu,GPE,en,2
army,ORG,en,2
lewat,PERSON,en,1
Serina,NORP,en,1
mutualan kalo liat,PERSON,en,1
ilov duittt https://t.co/uonWkmTZQb,PER,fr,1
RT @bleedintearss,ORG,en,1
@xxyybd,ORG,en,1
koi kaam,PERSON,en,1
Eid Mubarak,PERSON,en,1
RT @McDonalds,ORG,en,2
the last day,DATE,en,2
Sebastian,CARDINAL,en,1
RT @ArnoldPoernomo: Ngl,ORG,en,1
Karafuru,ORG,en,1
RT @Ayyycaaaa,ORG,en,1
Jangan Fl00p,ORG,en,1
bhl,ORG,en,1
Yu dong,PERSON,en,1
RT @DFGJARG,ORG,en,1
stan mari,PERSON,en,1
@ketololan_tolol Jerry,PERSON,en,1
@radenrauf,ORG,en,1
Dasar https://t.co/tJ9lfhgxLS,PER,es,1
18,CARDINAL,en,1
#OurSunshineJeongwooDay,MONEY,en,1
#__,MONEY,en,2
4,MONEY,en,1
#VR #Analytics,MONEY,en,1
AR #Robotics,ORG,en,1
ETH,ORG,en,1
hobi &lt;3,ORG,en,1
Today,DATE,en,1
punya kucing,PERSON,en,1
yoongi teasing hobi,PERSON,en,1
Tumne,ORG,en,1
Misi,PERSON,en,1
yuk muttualan,PERSON,en,1
70 kg,QUANTITY,en,1
""" Hobi",WORK_OF_ART,en,1
bangtan,PERSON,en,1
Yash,ORG,en,1
KGF nallina,PERSON,en,1
nalli,ORG,en,1
BamBam,ORG,en,1
KBS Music Bank,ORG,en,1
Mutualan yu,PERSON,en,1
rt ya,PERSON,en,3
201030,DATE,en,1
Music Bank,ORG,en,1
# #DINO #,MONEY,en,1
Ways To Take Medical Marijuana,ORG,en,1
#medicalmarijuana #marijuana #,MONEY,en,1
"‚ô•Ô∏é
- Rt &amp",PERSON,en,1
lipat baju,PERSON,en,1
basah2,NORP,en,1
ayu ting ting - siq,PERSON,en,1
Salman khan,PERSON,en,1
Main,GPE,en,1
Khanna,PERSON,en,1
Julab,PERSON,en,1
Salman ke guest,PERSON,en,1
hua Salman,PERSON,en,1
30,CARDINAL,en,1
bahaya hai,PERSON,en,1
Fir Khan,PERSON,en,1
Puppet &,ORG,en,1
Yasss,ORG,en,1
#MAMAMOO # #,MONEY,en,1
genre ku,PERSON,en,1
CRH,ORG,en,1
Theee Kim Kardashian,PERSON,en,1
KAREEM &lt;3 &,ORG,en,1
Apni Duaon Ma,PERSON,en,1
PhD,WORK_OF_ART,en,1
Beza tau antara pandai dengan bijaksana,PERSON,en,1
Yang selalu kita jumpa adalah kebodohan,PERSON,en,1
Congrats,NORP,en,1
Jahan,GPE,en,1
ki marzi hogi,PERSON,en,1
beth jain,PERSON,en,1
sal jee k through,PERSON,en,1
DTU m hua h. Fees,ORG,en,1
18 h. M 15,QUANTITY,en,1
DTU k bank,ORG,en,1
jara hu,PERSON,en,1
ho para,PERSON,en,1
kese bhru,PERSON,en,1
khud ka,PERSON,en,1
CANCELBOARDEXAM,PERSON,en,1
Bharat,NORP,en,1
Bada,FAC,en,1
West Bengal,PERSON,en,1
class10,PERSON,en,1
har ek state apni,PERSON,en,1
hei,ORG,en,1
Agar,PERSON,en,1
ke taiari kab lenge,PERSON,en,1
Ps,ORG,en,1
103,CARDINAL,en,1
karwadai,ORG,en,1
Moga,PERSON,en,1
dimurahkan rezeki,PERSON,en,1
kali ganda k,PERSON,en,1
Germany,GPE,en,1
92%,PERCENT,en,1
pakistan ke,ORG,en,1
59%,PERCENT,en,1
khalko k,PERSON,en,1
Strike*,PERSON,en,1
#ICRC_SaveMyanmarPrisoners,MONEY,en,1
asik namanya bener,PERSON,en,1
u hehe,PERSON,en,1
Trainees Jobs,PERSON,en,1
kerja baju,PERSON,en,1
Kehne ko,PERSON,en,1
Taliban,ORG,en,1
Matlab,NORP,en,1
Akora Khattak,PERSON,en,1
IBN Sina Medical,ORG,en,1
Dhaka,ORG,en,1
Bangladesh,GPE,en,5
IBN Sina Medical College,ORG,en,1
Dhaka,GPE,en,1
Waise bhi,GPE,en,1
Kya,PERSON,en,1
Kam,PERSON,en,1
MUSIC BANK,ORG,en,1
Butuh kÃ∂aÃ∂mÃ∂uÃ∂,PER,es,1
KKB,ORG,nl,4
TERRORISTEN,ORG,nl,2
AANKOMST,ORG,nl,2
ANGEL,ORG,nl,2
OF,ORG,nl,2
DEATH,ORG,nl,2
400,CARDINAL,nl,2
SOLDIERS INFANTERY BATTALION,ORG,nl,2
315/GARUDA,CARDINAL,nl,2
NAAR,ORG,nl,2
TERROTIST,ORG,nl,2
GROUP,ORG,nl,2
RT @aulmaulidiana,ORG,en,2
tim,PERSON,en,1
RT @WayV_official,ORG,en,1
WayV_‚ÄòKick Back,PERSON,en,1
Images(Stranger,ORG,en,1
#WayV #,MONEY,en,1
Â®ÅÁ•ûV https://t.co/12rp3hPgno,PERSON,en,1
adalah punya,PERSON,en,1
Dia,PERSON,en,1
katanya,DATE,en,1
#BBNaija,MONEY,en,1
#aDulTs,MONEY,en,1
78392928,DATE,en,1
ahh amaranthian devil hobi,ORG,en,1
#Canine #Mammal #,MONEY,en,1
#Plant #Bulldog,ORG,en,1
##Dogs ##Pets,MONEY,en,1
##Viral,MONEY,en,1
##Explore,MONEY,en,1
##Retweet,MONEY,en,1
#booksbooksbooks #,MONEY,en,1
#technology #,MONEY,en,1
nethink bakal,PERSON,en,1
Saya,PERSON,en,1
#langtwt #,MONEY,en,1
ku dua,PERSON,en,1
ku shopping,PERSON,en,1
ku,PERSON,en,1
RT @moonyyangg,ORG,en,1
gua nctzen,PERSON,en,1
mutualan kuy,PERSON,en,1
Attack,PERSON,en,1
Titan,GPE,en,1
RT @dumbricardo,PERSON,en,1
only two,CARDINAL,en,1
RT @samjjj000,ORG,en,1
50,MONEY,en,2
24,CARDINAL,en,1
HOURS,ORG,en,1
@panggilajaAl morning,TIME,en,1
Nahloh,LOC,de,1
Dasar https://t.co/s48uSErKKC,PER,es,1
RT @classivy,PERSON,en,1
bismillah,PERSON,en,1
üôè,ORG,en,2
RT @Rockyde20400827:,ORG,en,1
Betfury Information / Referral Page,ORG,en,1
nctzen wayzenni mutualan,PERSON,en,1
yuk rt+like yaa,PERSON,en,1
RT @Jjungcookie,ORG,en,1
Hai,PERSON,en,1
RT @zhroap,ORG,en,1
RT @fullsunxjs,ORG,en,1
nctzen n,PERSON,en,1
ga,PERSON,en,1
RT @ttheantikris,ORG,en,1
1st,ORDINAL,en,3
2021.05.10,PERSON,en,2
KST,ORG,en,3
#Îßõ_HotSauce,CARDINAL,en,2
NCTDREAM_Îßõ_HotSau,MONEY,en,1
6.45 PM,TIME,en,1
10 PM,TIME,en,1
RT @Crownxjaem,PERSON,en,1
Nctzen,ORG,en,1
RT @doydoyoung32:,ORG,en,1
wayzenni mutualan kuy,PERSON,en,1
ü§ó,ORG,en,1
Christian,NORP,en,1
ChooseSAA,PRODUCT,en,1
iba talaga ang,ORG,en,1
SAA,ORG,en,1
2018,DATE,en,2
baki,GPE,en,1
Jordan,PERSON,en,1
Sarah,PERSON,en,2
Business Administration,ORG,en,1
Yonsei University,ORG,en,1
2012,DATE,en,1
hii kenyan,ORG,en,1
ya kina Don,PERSON,en,1
Indian,NORP,en,1
ek aisa,PERSON,en,1
myb as partner,ORG,en,1
u &lt;3,ORG,en,1
Makanya,GPE,en,1
dia bahagia,PERSON,en,1
sakit dan sedih,PERSON,en,1
Internal,ORG,en,1
languages yang,PERSON,en,1
Mandarin,LANGUAGE,en,1
japanese,NORP,en,1
Kwame Nkrumah - Biography,ORG,en,1
2021_22,CARDINAL,en,1
lgi,PERSON,en,1
hein,PERSON,en,1
Aathmahathya Cheskundi,PERSON,en,1
Next Day Terrace Pai Okadine Padukuna,DATE,en,1
yang ada depression,PERSON,en,1
cari masa luang masa,ORG,en,1
bersama dia,ORG,en,1
agar sags,PERSON,en,1
dilwa,PRODUCT,en,1
jeyse nalayq,PERSON,en,1
ki hame,PERSON,en,1
zaroorat nahi,PERSON,en,1
Health Department Bahawalnagar,ORG,en,1
2020,DATE,en,1
RT @eaJnotEYaj:,PERSON,en,1
kushal ke,PERSON,en,1
woh jiske bahar aane,PERSON,en,1
Marathi,ORG,en,1
kk ki,PERSON,en,1
Mudinchu,GPE,en,1
RT @LolaBashangMsgs,PERSON,en,1
nyana jo,PERSON,en,1
Seokjin,GPE,en,1
@brownsgrboba,PERSON,en,1
RT @SM_NCT_BACKUP,ORG,en,1
210419,DATE,en,1
TEN,MONEY,en,1
https://t.co/NdIl5XEqDL,PERSON,nl,1
eid mubarak,PERSON,en,1
Alhamdulillah üòäüòäüòä,PERSON,en,1
mutualan kuy,PER,pt,1
@salsaalsabil,PERSON,en,1
RT @AREAJULID,ORG,en,1
Park Jisung Best Boy,PERSON,en,1
"Jisung Ace
Park",PERSON,en,1
RT @dyongct,ORG,en,1
yaa &lt;33,ORG,en,1
RT @shayuuji,PERSON,en,1
tysmü•∞,PERSON,en,1
#Advent #,MONEY,en,1
@rihanna,ORG,en,1
RT @CycloneKole,ORG,en,1
Issa,PERSON,en,1
#follow #,MONEY,en,1
@brenda_hiatt - topics,PERSON,en,1
Regency Romance,PERSON,en,1
Contemporary Romance,PERSON,en,1
Time,ORG,en,1
RT @HARUhiro,ORG,ja,1
5200: ‚â™,TIME,ja,1
"QqctrQCq
Instagram‚òû",ORG,ja,1
"co/f7mmSra9pl
#„Éï„Ç°„Ç§„É≥„ÉÄ„Éº",ORG,ja,1
mantab bed https://t.co/SMAALtBaE4,PERSON,en,1
Favo,ORG,ja,1
06:,TIME,ja,1
FOLLOWBACKJP,ORG,ja,1
FOLLOWME,ORG,ja,1
AUTOFOLLOW,PRODUCT,ja,1
SOUGOFOLLOW,PRODUCT,ja,1
GOEN,ORG,ja,1
MUSTFOLLOW,PRODUCT,ja,1
TEAMFOL,ORG,ja,1
these days,DATE,en,1
#fashion #,MONEY,en,3
brid,PERSON,en,1
RT @Maria6795,ORG,en,1
this year,DATE,en,2
#lifemade #,MONEY,en,1
100‰∏á‰Ωì,QUANTITY,ja,1
Oregon,GPE,en,1
#guns #rifles #,MONEY,en,1
RT @follow,ORG,ja,2
Aries,ORG,ja,1
19:,TIME,ja,1
photosnap,GPE,ja,1
„Éü„Çπ„Çø„Éº„É§„É≥„Ç∞„É°„É≥ https://t.co/nuKZsHg0K0,PRODUCT,ja,1
mantab bed https://t.co/oiRLnImWPq,PERSON,en,1
Follow Meüëà &,PRODUCT,en,1
One,CARDINAL,en,2
2019,DATE,en,1
#cameraless #,MONEY,en,1
#alternativephoto #,MONEY,en,1
mantab,NORP,en,2
https://t.co/jP8ZYW5mQM,PERSON,en,1
RT @KissMeAgain99,ORG,en,1
Yesterday,DATE,en,1
Tomorrow,DATE,en,1
#GoodMorning #Joy #,MONEY,en,1
south korea,GPE,en,1
https://t.co/uNNU35cmNN,MISC,es,1
Minefields,PERSON,fi,1
Apple Music Pop Charts,PRODUCT,fi,1
1 / 2,LAW,fi,1
20.,ORDINAL,fi,1
Jordan,GPE,fi,1
28.,ORDINAL,fi,1
34,CARDINAL,fi,1
Saudi Arabia,GPE,fi,1
35.,ORDINAL,fi,1
42,CARDINAL,fi,1
56,CARDINAL,fi,1
74,CARDINAL,fi,1
Canada,LANGUAGE,fi,1
76.,ORDINAL,fi,1
96.,ORDINAL,fi,1
127,CARDINAL,fi,1
Bahrain,PRODUCT,fi,1
148,CARDINAL,fi,1
Korea,GPE,fi,1
PacMan,PRODUCT,en,1
Jungkook Mixtape,PERSON,en,1
Jungkook Acting Career,PERSON,en,1
playing hobi's,ORG,en,1
Drakor,PERSON,en,1
1988,DATE,en,1
Kahwin pun tak celah mana,PERSON,en,1
KOREA,GPE,en,1
1Bambi #BAEKHYUN,MONEY,en,1
EXO,ORG,en,1
malham,PERSON,en,1
Bondi,ORG,en,1
huyi hoti hai,PERSON,en,1
Ani,PERSON,en,1
malham laga,PERSON,en,1
woh wala scene,PERSON,en,1
jaanna tha,PERSON,en,1
Olahraga Pria,PERSON,en,1
ayu ting ting,PERSON,en,1
RT @happy,ORG,ja,1
happy,ORG,ja,1
"follomejp
#",ORG,ja,1
followme,ORG,ja,2
First,ORDINAL,en,1
#InternationalCheetahDay #,MONEY,en,1
RT @registry_e,ORG,en,1
Chinoiserie Themed,PERSON,en,1
Ayla Dimitri,PERSON,en,1
Rama Devara,PERSON,en,1
RT @iRalph09:,ORG,en,1
#marugameph #,MONEY,en,1
@HEAD_PADEL #,MISC,es,1
"Like 
2) F++ @HEAD_PADEL",MISC,es,1
Nombro,MISC,es,1
@rexbloise,MISC,es,1
2z,QUANTITY,ja,1
"Êù±‰∫¨„Ç´„É°„É©ÈÉ® 
#ÂÜôÁúü",ORG,ja,1
25IJ,QUANTITY,ja,1
RT @fate,ORG,ja,1
sougofollow #,ORG,ja,2
"followme
",ORG,ja,1
2019Âπ¥12Êúà11Êó•,DATE,ja,1
Ê∞¥ÊõúÊó•,DATE,ja,1
18ÊôÇ18ÂàÜ54Áßí,TIME,ja,1
Marijuana,PERSON,en,1
this season,DATE,en,1
https://t.co/I7XerU3hoR,PERSON,en,1
#BrokenFin #,MONEY,en,1
Art Quake,ORG,en,1
3-9 April,DATE,en,1
The Museum of Kyoto,WORK_OF_ART,en,1
"„Çµ„É≥„ÉÄ„É´
„Éë„Ç∏„É£„Éû„Ç∑„É£„ÉÑ",ORG,ja,1
„Çµ„Éû„Éº„Ç≥„Éº„Éá„É•„É≠„Ç§,ORG,ja,1
"9I7Xs
",QUANTITY,ja,1
#FridayThoughts #FridayFeeling,MONEY,en,1
#followme #,MONEY,en,1
folla,PERSON,en,1
kabla ya corona,PERSON,en,1
meray,PERSON,en,1
neuro aur,PERSON,en,1
hai aur 25 march,PRODUCT,en,1
21 day,DATE,en,1
lockdown hai,PERSON,en,1
bachi hai,PERSON,en,1
9:30 pm,TIME,en,1
ho gai,PERSON,en,1
26,CARDINAL,en,1
hogi ya nahi,PERSON,en,1
RT @Anyanski,PERSON,en,1
mantab bed,PERSON,en,2
RT @Emily_Grace_NJT,ORG,en,1
Fulham,ORG,en,1
RT @EbonyPages,ORG,en,1
#repost,MONEY,en,1
Nashville,GPE,en,1
#giraffe #,MONEY,en,1
https://t.co/PvxDvrXmFq,ORG,en,1
kaman hobi,PRODUCT,en,1
Dol,PERSON,en,1
BUCKET,PERSON,en,1
"üòÉ
È¢®",ORG,ja,1
RT @ViajeParana,PER,pt,1
lago Iap√≥,LOC,pt,1
Londrina,LOC,pt,1
Ivanil,MISC,pt,1
RT @biomorphos,ORG,en,1
20 - 30%OFF,QUANTITY,en,1
#ReintegrationBlog,MONEY,en,1
RelationshipManag,PERSON,en,1
RT @Nails_Glitters: Clothiies,ORG,en,1
UKGiftAM,GPE,en,1
the year,DATE,en,1
Buddha at Angkor Thom,ORG,en,1
Cambodia,GPE,en,1
#wanderlust #,MONEY,en,1
#lovetravel #,MONEY,en,1
Christmas,DATE,en,1
‚Ä¢ üì∏- dgphotographyinte,PERSON,en,1
RT @alltravelbag:,ORG,en,1
DLX,ORG,en,1
Hardside Spinner,PERSON,en,1
https://t.co/6fdK69Sgi7,ORG,en,1
mantab bed https://t.co/ezEdMApC6L,ORG,en,1
#bottleofbud #yuhyuh,MONEY,en,1
sana,PERSON,en,1
RT @Efrain256484390,ORG,en,1
ü§ô,ORG,en,1
‚ôÄ,GPE,en,1
BeachCamping,WORK_OF_ART,en,1
#Sunset #Water,MONEY,en,1
#Surf #SaltLife #Playa,ORG,en,1
#fursona #,MONEY,en,1
https://t.co/x7KHgM94Ag,PRODUCT,ja,1
https://t.co/uwHGYKmC,PRODUCT,ja,1
8q,QUANTITY,ja,1
https://t.co/nJ0zS03ukp,PRODUCT,ja,1
Salad Ni√ßoise,PERSON,en,1
Duncan Weston,PERSON,en,1
14,CARDINAL,en,1
https://t.co/Xd7XR69ma2,GPE,en,1
#etsy,MONEY,en,1
digitalart,MONEY,en,1
yang aku dah saya,PERSON,en,1
4r,CARDINAL,en,1
RT @pumpkingummyy,ORG,en,1
JUAL YOUTUBE PREMIUM,PERSON,en,1
"dan dana

t. jual",PERSON,en,1
nord vpn,PERSON,en,1
Twitter,PERSON,en,1
Facebook Page,WORK_OF_ART,en,1
gallery https://t.co/n,PERSON,en,1
RT @CarrieGlora: Death valley - California,ORG,en,1
California,GPE,en,1
DeathValley https://t.co/4CJ4GRDUYx https://t.co/JjgQlT,PERSON,en,1
https://t.co/IoNvIrJ74D,ORG,en,1
20%,PERCENT,en,1
https://t.co/gyNVBzt0Og,PRODUCT,en,1
Friday December 20th,DATE,en,1
last minute,TIME,en,1
ddaeng hobi,PERSON,en,1
Bangtan,GPE,en,1
RT @HosenSalmun: Check,ORG,en,1
#social_media_manager #,MONEY,en,1
Yellow Print Bikini,PERSON,en,1
PNK SWN,ORG,en,1
27.99,MONEY,en,1
#design #,MONEY,en,1
#JVPositive #,MONEY,en,1
#quotes,MONEY,en,1
RT @Chris_Donaho:,ORG,en,1
Desecrating Eden,FAC,en,1
Mark,PERSON,en,1
Claire,PERSON,en,1
Cupcake Short-Sleeve,PERSON,en,1
‚è© https://t.co/UNTvU1fFlx  üëà,PERSON,en,1
#CsArtistrys #,MONEY,en,1
RT @Boondockfinds,ORG,en,1
Sisters Camping Vintage Photograph &,ORG,en,1
Frame Lesbian Gay Interest https://t.co/VpO8V7rw2r,ORG,en,1
follow,ORG,ja,1
24 hours,TIME,en,1
konten seventeen,PERSON,en,1
jtbc dong min,PERSON,en,1
tu lahai,PERSON,en,1
https://t.co/PKpsY4cCGt,PERSON,en,1
RT @charts_k,ORG,en,1
Butter MV,PERSON,en,1
290 million,CARDINAL,en,1
YouTube,ORG,en,1
ButterTo300M,PERSON,en,1
RT @sof1azara03,ORG,en,1
$50,MONEY,en,1
12hrs,DATE,en,1
@teamincrypto,ORG,en,1
RT @TJCobain,ORG,en,1
25,MONEY,en,1
the next 60 minutes,TIME,en,1
Follow Myself &amp,ORG,en,1
Turn On Notification,WORK_OF_ART,en,1
RT @uusbiasaaja,PER,de,1
Pffftt @yourbae,ORG,de,1
RT @BIGHITINFO: Replay link Sowoozoo,ORG,en,1
1/2,CARDINAL,en,1
dan,PERSON,en,1
7,CARDINAL,en,1
RT @HAECHNRA,ORG,en,1
nctzen wayzenni mari mutualan,PERSON,en,1
Future„Äó‚†Ä,ORG,en,1
RT @vprlle,PERSON,en,2
@MUTUALANDFESS Yu,PERSON,en,1
@bapaocoklats,NORP,en,1
@slenophiilee haloo,PERSON,en,1
https://t.co/IKB9zjT4QH,MISC,es,1
Haloo,PERSON,en,1
DAN MIX PARLAY,PERSON,en,1
DAFTAR,ORG,en,1
LINK,PERSON,en,1
GROUP,ORG,en,1
Character Song,PERSON,en,1
Doki Doki Waku Waku,WORK_OF_ART,en,1
Maybach Music II,ORG,en,1
Telugu,GPE,en,1
Kabza,PERSON,en,1
Maphorisa &,ORG,en,1
Masego,PERSON,en,1
STANDART,PERSON,en,1
20k,DATE,en,1
40k,DATE,en,1
Minat,GPE,en,1
zonauang,MONEY,en,1
RANKING,ORG,en,1
#korfball #,MONEY,en,1
korfbal,ORG,en,1
# # #,MONEY,en,1
kk massive #CeaseNSekkleParty,ORG,en,1
Aladdin,ORG,en,1
- Eric Sohn,PERSON,en,1
nagala kasama ang,PERSON,en,1
Enjoy,PERSON,en,1
Masafumi Takada - Beautiful,PERSON,en,1
sofisjapan,WORK_OF_ART,en,1
haangatadze kudya,PERSON,en,1
inn yauchatenga achinzwa,PERSON,en,1
Marty Balin -,PERSON,en,1
Atlanta,GPE,en,1
#MMGA #,MONEY,en,1
70s,MONEY,en,1
Kuami Eugene,PERSON,en,1
Aplikasi Premium,PERSON,en,1
Youtube,GPE,en,1
Netflix,GPE,en,1
Wattpad,ORG,en,1
Apple Music,ORG,en,1
Iqiyi,ORG,en,1
Remini,GPE,en,1
Viu,GPE,en,1
Wattpad,PERSON,en,1
Canva,PERSON,en,1
Piscart,PERSON,en,1
Disney Hotstar,PERSON,en,1
#zonauang,MONEY,en,1
Lady Gaga,PERSON,en,2
murah,PERSON,en,2
Del,PERSON,en,1
kookie,GPE,en,1
VLIVE Happy,PERSON,en,1
KOOKIEDAY,ORG,en,1
Kungfu,PERSON,en,1
M. Night Shyamalan,PERSON,en,1
muskura,GPE,en,1
hai jisse,ORG,en,1
Kati,PERSON,en,1
Mahhn,PERSON,en,1
Kansiriike,PERSON,en,1
JUNKYU BIRTH,PERSON,en,1
mana ^^,ORG,en,1
english,LANGUAGE,en,1
20,CARDINAL,en,1
16,CARDINAL,en,1
jdu ki,PERSON,en,1
@IAF_MCC,ORG,en,1
Leh &amp;Jakarta,ORG,en,1
14643,DATE,en,1
RT @andihiyat,ORG,de,1
Shopping,GPE,en,1
Shopping,ORG,en,1
@JOH__phrodite haloo,PERSON,en,1
@Lidnjun haloo,PERSON,en,1
@panglimasantuy haloo,PERSON,en,1
@chessssz haloo,PERSON,en,1
RT @nksthi,MISC,es,1
Hari ini kuputuskan untuk,MISC,es,1
WIM Chelsi Monica,ORG,es,1
RT @APEntertainment,ORG,en,1
AP,ORG,en,1
last month,DATE,en,1
RM,ORG,en,1
PARK JIMIN,PERSON,en,1
RT @kookpiics,ORG,en,1
‚òÅ,ORG,en,1
#JUNGKOOK #Ï†ïÍµ≠ @BTS_twt,MONEY,en,1
#FaveChoreography #,MONEY,en,1
Sungdeuk,PERSON,en,1
selfie,PRODUCT,en,1
RT @syeinana,ORG,en,1
"nanadongies,",ORG,en,1
luv u,ORG,en,1
@Bang_Garr,PERSON,en,2
55,MONEY,en,1
2500,DATE,en,1
PHP,ORG,en,1
750.000,CARDINAL,en,1
IDR,ORG,en,2
Garangan,PERSON,en,2
JOHNNY,PERSON,en,1
HAPPYJOHNNYDAY,ORG,en,1
#ÏüàÎãà,MONEY,en,1
NCT127 https://t.co/U4FahG1rJW,ORG,en,1
RT @Jae_Day6,placeName,pl,1
du'a,NORP,en,1
@r4tbabie haloo,PERSON,en,1
mutualan yukk,PERSON,en,2
suka jbjb ayo,PERSON,en,1
mutualan‚ÄºÔ∏è,GPE,en,1
haii nctzen wayzenni,PERSON,en,1
"Moa, Engene",ORG,en,1
tysm &lt;3,ORG,en,1
Mandra,ORG,en,1
Shombong,PERSON,en,1
JIMIN                PARK,PERSON,en,1
@radenrauf,GPE,en,1
Ê≥¢ÂÖ∞,GPE,zh,2
ÂÜÖÊîøÈÉ®,ORG,zh,1
‰∏Ä,CARDINAL,zh,1
ËÆÆ‰ºö,ORG,zh,1
Gk,PERSON,en,1
Engene,PERSON,en,1
marie mutualan yanc,PERSON,en,1
RT @naajaevan,ORG,en,1
RT @nanaabunny,ORG,en,1
üèª‚Äç,CARDINAL,en,1
üôÜüèª‚Äç,ORG,en,1
RT @pacarnnajaemin,ORG,en,1
ppe hai brother,PERSON,en,1
nctzen dll,PERSON,en,1
RT @regahl:,ORG,en,1
yang mau mutualan,PERSON,en,1
#FPILaskarHoax,MONEY,en,1
@cloudzssz,ORG,en,1
ten million dollars,MONEY,en,1
RT @CatherinePaiz,MISC,es,1
RT @Alhamdhulillaah,LOC,ro,1
Surem,ORG,en,1
üòî,PRODUCT,en,1
RT @Anime,ORG,en,1
Godzilla,PERSON,en,1
Kong Film's,PERSON,en,1
5 Days to March 31,DATE,en,1
RT @Anime: Happy Birthday,ORG,en,1
Shizuo Heiwajima,PERSON,en,1
Durarara,PERSON,en,1
GIF,ORG,en,1
RT @Anime:,ORG,en,1
Platinum,ORG,en,1
Miyu Irino,PERSON,en,1
Yui Ogura,PERSON,en,1
https://t.co/viQIojVvto,PERSON,en,1
https://t.co/pYbC16JGca,ORG,fi,1
100,MONEY,en,1
12 hours,TIME,en,1
Yukks,PERSON,en,1
JAEMIN,PERSON,en,1
Jessica Parker,PERSON,en,1
https://t.co/I8Xyx3WxHy,GPE,nl,1
afternoon,TIME,en,1
@Anyaselalubenar,NORP,en,1
RT @vantaesmilk,ORG,en,1
https://t.co/RCYzBEAY5c,PERSON,en,1
Nitip juga,PERSON,en,1
Doyi,PERSON,en,1
pta hai,PERSON,en,1
Data Science and Analytics,ORG,en,1
88%,PERCENT,en,1
bhai,GPE,en,1
Mehnat kro,PERSON,en,1
kak,ORG,en,1
android,ORG,en,1
mutu kake ndi ngati ya,PERSON,en,1
Pastu,PERSON,en,1
Ada yang,PERSON,en,1
Ramai,ORG,en,1
kekadang ada yang,PERSON,en,1
Raffi,ORG,en,1
Bananaphone,ORG,en,1
https://t.co/wF15x6xPJ4,GPE,en,1
https://t.co/Uk7NfRJ2FI,GPE,en,1
RT @Srjmxrell,ORG,en,1
2300,DATE,en,1
680.000,CARDINAL,en,1
09,CARDINAL,en,1
180 minutes,TIME,en,1
RT @PramuajiAjay,PERSON,en,1
the last 4 years,DATE,en,1
2019 - Pi,DATE,en,1
mutualan yo,PERSON,en,1
RT @Nunajiminnn: Haii,ORG,en,1
jugaa gapapa:3,GPE,en,1
mau cari mutualan baru &gt;.&lt,PERSON,en,1
@MUTUALANDFESS1 Okeyy,ORG,en,1
Mjb,ORG,en,1
kahh,PERSON,en,1
RT @ruanggalau_id,GPE,en,1
RT @myboodoyie,ORG,en,1
YOK,ORG,en,1
HELP RT/LIKE,ORG,en,1
1975,DATE,en,1
the days,DATE,en,1
